Product,Mark,Category,Description,Price,Stock
Apple Laptops Product 1,Apple,Laptops,This compact and lightweight gadget is perfect for on-the-go productivity.,1060.79,45
Samsung Monitors Product 1,Samsung,Monitors,A powerful and sleek device designed for high performance and efficiency.,161.99,56
Microsoft Laptops Product 1,Microsoft,Laptops,"Stay connected with this device, featuring a long-lasting battery and advanced features.",650.99,84
Sony Laptops Product 1,Sony,Laptops,A powerful and sleek device designed for high performance and efficiency.,1943.49,72
HP Laptops Product 1,HP,Laptops,Experience stunning visuals and fast processing with this top-of-the-line product.,1028.49,15
Dell Tablets Product 1,Dell,Tablets,"Perfect for gaming, this product offers superior speed and precision.",710.49,87
Lenovo Headphones Product 1,Lenovo,Headphones,Experience stunning visuals and fast processing with this top-of-the-line product.,1719.99,7
Logitech Webcams Product 1,Logitech,Webcams,"Perfect for gaming, this product offers superior speed and precision.",913.49,9
Razer Smart Home Devices Product 1,Razer,Smart Home Devices,Capture every detail with this high-resolution camera accessory.,261.79,26
Google Mice Product 1,Google,Mice,Designed for seamless multi-tasking and a fluid user experience.,1300.99,86
Apple Tablets Product 2,Apple,Tablets,Experience stunning visuals and fast processing with this top-of-the-line product.,1849.99,31
Samsung Laptops Product 2,Samsung,Laptops,This compact and lightweight gadget is perfect for on-the-go productivity.,1476.99,19
Microsoft Smart Home Devices Product 2,Microsoft,Smart Home Devices,Experience stunning visuals and fast processing with this top-of-the-line product.,1480.99,20
Sony Tablets Product 2,Sony,Tablets,Experience stunning visuals and fast processing with this top-of-the-line product.,1998.99,94
HP Webcams Product 2,HP,Webcams,"Perfect for gaming, this product offers superior speed and precision.",1117.49,53
Dell Smartphones Product 2,Dell,Smartphones,Immerse yourself in crystal-clear audio with these comfortable and stylish headphones.,1185.79,20
Lenovo Smart Home Devices Product 2,Lenovo,Smart Home Devices,Immerse yourself in crystal-clear audio with these comfortable and stylish headphones.,222.99,95
Logitech Tablets Product 2,Logitech,Tablets,Experience stunning visuals and fast processing with this top-of-the-line product.,835.49,66
Razer Headphones Product 2,Razer,Headphones,"Stay connected with this device, featuring a long-lasting battery and advanced features.",1965.79,87
Google Tablets Product 2,Google,Tablets,"Stay connected with this device, featuring a long-lasting battery and advanced features.",187.49,63
Lenovo Headphones Product 21,Lenovo,Headphones,Designed for seamless multi-tasking and a fluid user experience.,1977.49,81
Razer Smartphones Product 22,Razer,Smartphones,"Perfect for gaming, this product offers superior speed and precision.",1556.79,28
Samsung Monitors Product 23,Samsung,Monitors,Designed for seamless multi-tasking and a fluid user experience.,1130.79,84
Sony Tablets Product 24,Sony,Tablets,"Stay connected with this device, featuring a long-lasting battery and advanced features.",1376.49,19
HP Laptops Product 25,HP,Laptops,This compact and lightweight gadget is perfect for on-the-go productivity.,1025.49,9
Apple Monitors Product 26,Apple,Monitors,"Ideal for professional use, this product combines durability with cutting-edge technology.",1490.99,36
Lenovo Webcams Product 27,Lenovo,Webcams,"Perfect for gaming, this product offers superior speed and precision.",1523.99,27
Dell Tablets Product 28,Dell,Tablets,Enhance your smart home with this easy-to-use and intuitive device.,1428.99,54
Logitech Monitors Product 29,Logitech,Monitors,A powerful and sleek device designed for high performance and efficiency.,1719.49,44
Dell Webcams Product 30,Dell,Webcams,Designed for seamless multi-tasking and a fluid user experience.,292.99,97
Lenovo Smartphones Product 31,Lenovo,Smartphones,Experience stunning visuals and fast processing with this top-of-the-line product.,1691.49,77
HP Smartphones Product 32,HP,Smartphones,Designed for seamless multi-tasking and a fluid user experience.,1880.99,15
Samsung Smart Home Devices Product 33,Samsung,Smart Home Devices,A powerful and sleek device designed for high performance and efficiency.,1359.49,81
Samsung Keyboards Product 34,Samsung,Keyboards,This compact and lightweight gadget is perfect for on-the-go productivity.,957.79,69
Apple Laptops Product 35,Apple,Laptops,Enhance your smart home with this easy-to-use and intuitive device.,357.49,14
Apple Tablets Product 36,Apple,Tablets,Enhance your smart home with this easy-to-use and intuitive device.,1835.99,88
Sony Headphones Product 37,Sony,Headphones,This compact and lightweight gadget is perfect for on-the-go productivity.,1672.49,51
Google Gaming Accessories Product 38,Google,Gaming Accessories,A powerful and sleek device designed for high performance and efficiency.,66.49,91
Microsoft Monitors Product 39,Microsoft,Monitors,A powerful and sleek device designed for high performance and efficiency.,618.49,3
Apple Webcams Product 40,Apple,Webcams,This compact and lightweight gadget is perfect for on-the-go productivity.,661.99,52
Lenovo Keyboards Product 41,Lenovo,Keyboards,Experience stunning visuals and fast processing with this top-of-the-line product.,1604.99,16
Logitech Tablets Product 42,Logitech,Tablets,"Ideal for professional use, this product combines durability with cutting-edge technology.",336.79,41
Sony Tablets Product 43,Sony,Tablets,This compact and lightweight gadget is perfect for on-the-go productivity.,603.49,26
Dell Headphones Product 44,Dell,Headphones,Experience stunning visuals and fast processing with this top-of-the-line product.,288.79,8
Samsung Headphones Product 45,Samsung,Headphones,Designed for seamless multi-tasking and a fluid user experience.,1930.79,22
Microsoft Smartphones Product 46,Microsoft,Smartphones,A powerful and sleek device designed for high performance and efficiency.,349.79,23
Lenovo Mice Product 47,Lenovo,Mice,Experience stunning visuals and fast processing with this top-of-the-line product.,793.49,30
Microsoft Mice Product 48,Microsoft,Mice,Experience stunning visuals and fast processing with this top-of-the-line product.,1158.49,49
Logitech Smart Home Devices Product 49,Logitech,Smart Home Devices,Enhance your smart home with this easy-to-use and intuitive device.,501.99,71
Dell Laptops Product 50,Dell,Laptops,Designed for seamless multi-tasking and a fluid user experience.,1505.79,38
HP Headphones Product 51,HP,Headphones,Experience stunning visuals and fast processing with this top-of-the-line product.,531.99,67
HP Mice Product 52,HP,Mice,Designed for seamless multi-tasking and a fluid user experience.,705.49,34
Razer Webcams Product 53,Razer,Webcams,This compact and lightweight gadget is perfect for on-the-go productivity.,1706.49,36
HP Gaming Accessories Product 54,HP,Gaming Accessories,Enhance your smart home with this easy-to-use and intuitive device.,1722.79,90
Apple Monitors Product 55,Apple,Monitors,A powerful and sleek device designed for high performance and efficiency.,1454.99,0
HP Monitors Product 56,HP,Monitors,This compact and lightweight gadget is perfect for on-the-go productivity.,1707.49,72
Apple Smart Home Devices Product 57,Apple,Smart Home Devices,This compact and lightweight gadget is perfect for on-the-go productivity.,1722.79,8
Lenovo Tablets Product 58,Lenovo,Tablets,"Perfect for gaming, this product offers superior speed and precision.",217.99,51
Lenovo Keyboards Product 59,Lenovo,Keyboards,Designed for seamless multi-tasking and a fluid user experience.,1722.79,83
Logitech Laptops Product 60,Logitech,Laptops,This compact and lightweight gadget is perfect for on-the-go productivity.,569.99,32
Microsoft Mice Product 61,Microsoft,Mice,"Perfect for gaming, this product offers superior speed and precision.",138.79,22
Dell Keyboards Product 62,Dell,Keyboards,Capture every detail with this high-resolution camera accessory.,210.79,78
Logitech Gaming Accessories Product 63,Logitech,Gaming Accessories,Immerse yourself in crystal-clear audio with these comfortable and stylish headphones.,508.79,42
Apple Headphones Product 64,Apple,Headphones,"Ideal for professional use, this product combines durability with cutting-edge technology.",1358.49,87
Sony Keyboards Product 65,Sony,Keyboards,Capture every detail with this high-resolution camera accessory.,596.99,16
Samsung Keyboards Product 66,Samsung,Keyboards,"Ideal for professional use, this product combines durability with cutting-edge technology.",725.99,91
Logitech Headphones Product 67,Logitech,Headphones,Experience stunning visuals and fast processing with this top-of-the-line product.,517.99,64
Sony Headphones Product 68,Sony,Headphones,This compact and lightweight gadget is perfect for on-the-go productivity.,883.79,29
Sony Monitors Product 69,Sony,Monitors,Designed for seamless multi-tasking and a fluid user experience.,1503.49,39
Sony Gaming Accessories Product 70,Sony,Gaming Accessories,A powerful and sleek device designed for high performance and efficiency.,716.49,87
HP Laptops Product 71,HP,Laptops,This compact and lightweight gadget is perfect for on-the-go productivity.,1903.79,38
Samsung Smartphones Product 72,Samsung,Smartphones,"Stay connected with this device, featuring a long-lasting battery and advanced features.",985.49,29
Apple Keyboards Product 73,Apple,Keyboards,Capture every detail with this high-resolution camera accessory.,767.99,83
Samsung Laptops Product 74,Samsung,Laptops,This compact and lightweight gadget is perfect for on-the-go productivity.,1436.49,82
Dell Gaming Accessories Product 75,Dell,Gaming Accessories,Designed for seamless multi-tasking and a fluid user experience.,404.79,79
Lenovo Smartphones Product 76,Lenovo,Smartphones,Enhance your smart home with this easy-to-use and intuitive device.,237.49,2
Samsung Webcams Product 77,Samsung,Webcams,"Perfect for gaming, this product offers superior speed and precision.",1343.49,84
Samsung Mice Product 78,Samsung,Mice,A powerful and sleek device designed for high performance and efficiency.,1549.79,71
Logitech Smartphones Product 79,Logitech,Smartphones,This compact and lightweight gadget is perfect for on-the-go productivity.,459.79,64
Dell Mice Product 80,Dell,Mice,Experience stunning visuals and fast processing with this top-of-the-line product.,1537.79,31
Apple Smart Home Devices Product 81,Apple,Smart Home Devices,Experience stunning visuals and fast processing with this top-of-the-line product.,1927.49,9
Lenovo Headphones Product 82,Lenovo,Headphones,"Ideal for professional use, this product combines durability with cutting-edge technology.",126.49,97
Dell Webcams Product 83,Dell,Webcams,"Ideal for professional use, this product combines durability with cutting-edge technology.",241.99,59
Samsung Monitors Product 84,Samsung,Monitors,"Perfect for gaming, this product offers superior speed and precision.",77.79,32
Dell Keyboards Product 85,Dell,Keyboards,A powerful and sleek device designed for high performance and efficiency.,1958.79,46
Apple Smart Home Devices Product 86,Apple,Smart Home Devices,"Stay connected with this device, featuring a long-lasting battery and advanced features.",1695.79,39
Microsoft Keyboards Product 87,Microsoft,Keyboards,Capture every detail with this high-resolution camera accessory.,1859.49,81
Sony Webcams Product 88,Sony,Webcams,"Stay connected with this device, featuring a long-lasting battery and advanced features.",1886.99,61
Dell Tablets Product 89,Dell,Tablets,Capture every detail with this high-resolution camera accessory.,916.49,56
Razer Mice Product 90,Razer,Mice,Enhance your smart home with this easy-to-use and intuitive device.,1216.99,40
Logitech Webcams Product 91,Logitech,Webcams,Designed for seamless multi-tasking and a fluid user experience.,1872.99,14
Logitech Headphones Product 92,Logitech,Headphones,This compact and lightweight gadget is perfect for on-the-go productivity.,1131.49,80
Samsung Monitors Product 93,Samsung,Monitors,This compact and lightweight gadget is perfect for on-the-go productivity.,189.49,35
Razer Monitors Product 94,Razer,Monitors,Experience stunning visuals and fast processing with this top-of-the-line product.,1254.79,23
Samsung Headphones Product 95,Samsung,Headphones,Designed for seamless multi-tasking and a fluid user experience.,1471.49,91
Samsung Laptops Product 96,Samsung,Laptops,"Perfect for gaming, this product offers superior speed and precision.",579.49,24
Apple Headphones Product 97,Apple,Headphones,This compact and lightweight gadget is perfect for on-the-go productivity.,98.99,62
Sony Smart Home Devices Product 98,Sony,Smart Home Devices,"Stay connected with this device, featuring a long-lasting battery and advanced features.",1129.79,90
Google Gaming Accessories Product 99,Google,Gaming Accessories,Experience stunning visuals and fast processing with this top-of-the-line product.,213.99,99
Sony Mice Product 100,Sony,Mice,Capture every detail with this high-resolution camera accessory.,848.99,45
Samsung Monitors Product 101,Samsung,Monitors,"Stay connected with this device, featuring a long-lasting battery and advanced features.",1099.49,67
Logitech Webcams Product 102,Logitech,Webcams,Capture every detail with this high-resolution camera accessory.,874.99,48
Logitech Gaming Accessories Product 103,Logitech,Gaming Accessories,This compact and lightweight gadget is perfect for on-the-go productivity.,385.49,55
Dell Tablets Product 104,Dell,Tablets,This compact and lightweight gadget is perfect for on-the-go productivity.,1829.99,15
Logitech Smartphones Product 105,Logitech,Smartphones,Enhance your smart home with this easy-to-use and intuitive device.,1079.79,35
Google Webcams Product 106,Google,Webcams,Capture every detail with this high-resolution camera accessory.,1266.79,38
Lenovo Smartphones Product 107,Lenovo,Smartphones,"Ideal for professional use, this product combines durability with cutting-edge technology.",1690.99,19
Google Webcams Product 108,Google,Webcams,This compact and lightweight gadget is perfect for on-the-go productivity.,153.79,53
HP Gaming Accessories Product 109,HP,Gaming Accessories,This compact and lightweight gadget is perfect for on-the-go productivity.,1594.49,7
Samsung Tablets Product 110,Samsung,Tablets,Designed for seamless multi-tasking and a fluid user experience.,830.79,88
Razer Laptops Product 111,Razer,Laptops,Capture every detail with this high-resolution camera accessory.,1283.99,98
Dell Tablets Product 112,Dell,Tablets,Experience stunning visuals and fast processing with this top-of-the-line product.,959.99,16
HP Webcams Product 113,HP,Webcams,"Stay connected with this device, featuring a long-lasting battery and advanced features.",940.79,43
Apple Monitors Product 114,Apple,Monitors,Capture every detail with this high-resolution camera accessory.,1810.49,30
Sony Mice Product 115,Sony,Mice,Experience stunning visuals and fast processing with this top-of-the-line product.,1633.49,85
Apple Laptops Product 116,Apple,Laptops,"Stay connected with this device, featuring a long-lasting battery and advanced features.",1862.99,68
HP Monitors Product 117,HP,Monitors,Enhance your smart home with this easy-to-use and intuitive device.,248.49,95
Dell Webcams Product 118,Dell,Webcams,This compact and lightweight gadget is perfect for on-the-go productivity.,893.99,56
Dell Headphones Product 119,Dell,Headphones,Designed for seamless multi-tasking and a fluid user experience.,86.49,49
HP Keyboards Product 120,HP,Keyboards,Designed for seamless multi-tasking and a fluid user experience.,1383.49,87
Apple Mice Product 121,Apple,Mice,"Ideal for professional use, this product combines durability with cutting-edge technology.",1321.79,29
Google Gaming Accessories Product 122,Google,Gaming Accessories,Capture every detail with this high-resolution camera accessory.,1594.79,40
Apple Laptops Product 123,Apple,Laptops,This compact and lightweight gadget is perfect for on-the-go productivity.,1690.49,6
Logitech Mice Product 124,Logitech,Mice,Immerse yourself in crystal-clear audio with these comfortable and stylish headphones.,1395.79,14
Sony Smart Home Devices Product 125,Sony,Smart Home Devices,Enhance your smart home with this easy-to-use and intuitive device.,1096.79,17
HP Webcams Product 126,HP,Webcams,Experience stunning visuals and fast processing with this top-of-the-line product.,1864.99,4
Logitech Mice Product 127,Logitech,Mice,Enhance your smart home with this easy-to-use and intuitive device.,681.79,53
Logitech Smartphones Product 128,Logitech,Smartphones,Experience stunning visuals and fast processing with this top-of-the-line product.,1798.99,98
Microsoft Headphones Product 129,Microsoft,Headphones,Designed for seamless multi-tasking and a fluid user experience.,238.99,47
Logitech Mice Product 130,Logitech,Mice,Enhance your smart home with this easy-to-use and intuitive device.,1441.79,40
HP Smartphones Product 131,HP,Smartphones,A powerful and sleek device designed for high performance and efficiency.,212.99,34
HP Laptops Product 132,HP,Laptops,Experience stunning visuals and fast processing with this top-of-the-line product.,1988.99,57
Sony Tablets Product 133,Sony,Tablets,"Ideal for professional use, this product combines durability with cutting-edge technology.",1639.79,28
Samsung Tablets Product 134,Samsung,Tablets,Designed for seamless multi-tasking and a fluid user experience.,768.99,74
Sony Smart Home Devices Product 135,Sony,Smart Home Devices,A powerful and sleek device designed for high performance and efficiency.,446.99,23
HP Smartphones Product 136,HP,Smartphones,Capture every detail with this high-resolution camera accessory.,209.99,90
Lenovo Headphones Product 137,Lenovo,Headphones,Experience stunning visuals and fast processing with this top-of-the-line product.,1090.79,49
Microsoft Laptops Product 138,Microsoft,Laptops,Immerse yourself in crystal-clear audio with these comfortable and stylish headphones.,1493.79,33
Lenovo Gaming Accessories Product 139,Lenovo,Gaming Accessories,This compact and lightweight gadget is perfect for on-the-go productivity.,1176.79,58
Lenovo Mice Product 140,Lenovo,Mice,This compact and lightweight gadget is perfect for on-the-go productivity.,1051.99,18
Dell Headphones Product 141,Dell,Headphones,"Ideal for professional use, this product combines durability with cutting-edge technology.",1230.79,19
Apple Keyboards Product 142,Apple,Keyboards,A powerful and sleek device designed for high performance and efficiency.,1994.79,98
Dell Mice Product 143,Dell,Mice,Experience stunning visuals and fast processing with this top-of-the-line product.,1942.79,20
Apple Keyboards Product 144,Apple,Keyboards,A powerful and sleek device designed for high performance and efficiency.,973.99,76
Dell Keyboards Product 145,Dell,Keyboards,This compact and lightweight gadget is perfect for on-the-go productivity.,114.79,77
Microsoft Smart Home Devices Product 146,Microsoft,Smart Home Devices,"Ideal for professional use, this product combines durability with cutting-edge technology.",1091.49,13
HP Headphones Product 147,HP,Headphones,Enhance your smart home with this easy-to-use and intuitive device.,477.79,42
Samsung Smartphones Product 148,Samsung,Smartphones,Enhance your smart home with this easy-to-use and intuitive device.,798.79,71
Microsoft Gaming Accessories Product 149,Microsoft,Gaming Accessories,Designed for seamless multi-tasking and a fluid user experience.,950.79,41
Logitech Webcams Product 150,Logitech,Webcams,Designed for seamless multi-tasking and a fluid user experience.,97.99,56
Dell Monitors Product 151,Dell,Monitors,Capture every detail with this high-resolution camera accessory.,1119.49,16
HP Headphones Product 152,HP,Headphones,"Ideal for professional use, this product combines durability with cutting-edge technology.",363.79,0
Apple Webcams Product 153,Apple,Webcams,Immerse yourself in crystal-clear audio with these comfortable and stylish headphones.,409.79,12
Lenovo Gaming Accessories Product 154,Lenovo,Gaming Accessories,Immerse yourself in crystal-clear audio with these comfortable and stylish headphones.,1343.49,14
Microsoft Smartphones Product 155,Microsoft,Smartphones,Designed for seamless multi-tasking and a fluid user experience.,924.79,96
HP Monitors Product 156,HP,Monitors,"Perfect for gaming, this product offers superior speed and precision.",1230.49,51
Razer Keyboards Product 157,Razer,Keyboards,"Stay connected with this device, featuring a long-lasting battery and advanced features.",616.79,75
Razer Monitors Product 158,Razer,Monitors,Enhance your smart home with this easy-to-use and intuitive device.,1062.99,84
Logitech Tablets Product 159,Logitech,Tablets,"Perfect for gaming, this product offers superior speed and precision.",1683.99,85
HP Smartphones Product 160,HP,Smartphones,This compact and lightweight gadget is perfect for on-the-go productivity.,653.49,3
HP Mice Product 161,HP,Mice,"Stay connected with this device, featuring a long-lasting battery and advanced features.",285.49,98
Apple Smartphones Product 162,Apple,Smartphones,Enhance your smart home with this easy-to-use and intuitive device.,702.79,93
Apple Webcams Product 163,Apple,Webcams,"Ideal for professional use, this product combines durability with cutting-edge technology.",1614.49,55
Microsoft Mice Product 164,Microsoft,Mice,A powerful and sleek device designed for high performance and efficiency.,1106.99,30
Lenovo Monitors Product 165,Lenovo,Monitors,Experience stunning visuals and fast processing with this top-of-the-line product.,361.99,53
Google Tablets Product 166,Google,Tablets,Experience stunning visuals and fast processing with this top-of-the-line product.,1821.49,84
Dell Keyboards Product 167,Dell,Keyboards,Capture every detail with this high-resolution camera accessory.,1576.49,24
Google Tablets Product 168,Google,Tablets,A powerful and sleek device designed for high performance and efficiency.,1909.79,90
Dell Headphones Product 169,Dell,Headphones,Capture every detail with this high-resolution camera accessory.,1724.99,4
Razer Smartphones Product 170,Razer,Smartphones,Experience stunning visuals and fast processing with this top-of-the-line product.,210.49,82
Razer Tablets Product 171,Razer,Tablets,Enhance your smart home with this easy-to-use and intuitive device.,351.99,41
Apple Smartphones Product 172,Apple,Smartphones,Experience stunning visuals and fast processing with this top-of-the-line product.,835.79,67
Razer Laptops Product 173,Razer,Laptops,"Perfect for gaming, this product offers superior speed and precision.",960.99,86
Sony Mice Product 174,Sony,Mice,This compact and lightweight gadget is perfect for on-the-go productivity.,1944.49,82
Sony Smart Home Devices Product 175,Sony,Smart Home Devices,"Ideal for professional use, this product combines durability with cutting-edge technology.",629.79,26
Microsoft Keyboards Product 176,Microsoft,Keyboards,Immerse yourself in crystal-clear audio with these comfortable and stylish headphones.,667.79,79
Apple Headphones Product 177,Apple,Headphones,"Perfect for gaming, this product offers superior speed and precision.",1056.79,25
Logitech Webcams Product 178,Logitech,Webcams,Capture every detail with this high-resolution camera accessory.,1660.99,6
Apple Smart Home Devices Product 179,Apple,Smart Home Devices,Capture every detail with this high-resolution camera accessory.,732.49,13
Apple Tablets Product 180,Apple,Tablets,This compact and lightweight gadget is perfect for on-the-go productivity.,115.49,70
Logitech Mice Product 181,Logitech,Mice,"Ideal for professional use, this product combines durability with cutting-edge technology.",1843.79,42
Sony Headphones Product 182,Sony,Headphones,Designed for seamless multi-tasking and a fluid user experience.,1733.99,53
HP Laptops Product 183,HP,Laptops,Enhance your smart home with this easy-to-use and intuitive device.,330.79,90
Sony Webcams Product 184,Sony,Webcams,Experience stunning visuals and fast processing with this top-of-the-line product.,1145.49,23
Logitech Headphones Product 185,Logitech,Headphones,A powerful and sleek device designed for high performance and efficiency.,1603.99,28
Apple Mice Product 186,Apple,Mice,Immerse yourself in crystal-clear audio with these comfortable and stylish headphones.,986.79,34
Razer Smart Home Devices Product 187,Razer,Smart Home Devices,"Ideal for professional use, this product combines durability with cutting-edge technology.",1134.49,91
Logitech Smart Home Devices Product 188,Logitech,Smart Home Devices,Immerse yourself in crystal-clear audio with these comfortable and stylish headphones.,1373.79,50
Apple Webcams Product 189,Apple,Webcams,Capture every detail with this high-resolution camera accessory.,244.99,52
Lenovo Headphones Product 190,Lenovo,Headphones,"Ideal for professional use, this product combines durability with cutting-edge technology.",1272.79,10
Dell Monitors Product 191,Dell,Monitors,Designed for seamless multi-tasking and a fluid user experience.,1548.99,80
Lenovo Headphones Product 192,Lenovo,Headphones,"Perfect for gaming, this product offers superior speed and precision.",1707.79,56
Logitech Keyboards Product 193,Logitech,Keyboards,"Ideal for professional use, this product combines durability with cutting-edge technology.",630.99,25
Lenovo Smartphones Product 194,Lenovo,Smartphones,Capture every detail with this high-resolution camera accessory.,409.49,96
Apple Smartphones Product 195,Apple,Smartphones,"Stay connected with this device, featuring a long-lasting battery and advanced features.",1322.79,4
Dell Keyboards Product 196,Dell,Keyboards,Experience stunning visuals and fast processing with this top-of-the-line product.,174.49,96
Razer Keyboards Product 197,Razer,Keyboards,Experience stunning visuals and fast processing with this top-of-the-line product.,1840.99,7
HP Smartphones Product 198,HP,Smartphones,Capture every detail with this high-resolution camera accessory.,1194.99,34
Samsung Webcams Product 199,Samsung,Webcams,Designed for seamless multi-tasking and a fluid user experience.,514.99,44
HP Mice Product 200,HP,Mice,"Ideal for professional use, this product combines durability with cutting-edge technology.",1019.49,21
Lenovo Smartphones Product 201,Lenovo,Smartphones,"Perfect for gaming, this product offers superior speed and precision.",1181.49,30
Razer Smartphones Product 202,Razer,Smartphones,"Perfect for gaming, this product offers superior speed and precision.",1759.49,31
Google Keyboards Product 203,Google,Keyboards,"Stay connected with this device, featuring a long-lasting battery and advanced features.",322.99,12
Apple Mice Product 204,Apple,Mice,Capture every detail with this high-resolution camera accessory.,1112.99,34
Logitech Keyboards Product 205,Logitech,Keyboards,Immerse yourself in crystal-clear audio with these comfortable and stylish headphones.,1139.79,66
Dell Monitors Product 206,Dell,Monitors,"Stay connected with this device, featuring a long-lasting battery and advanced features.",1779.49,52
Dell Smart Home Devices Product 207,Dell,Smart Home Devices,"Perfect for gaming, this product offers superior speed and precision.",713.49,49
Dell Gaming Accessories Product 208,Dell,Gaming Accessories,This compact and lightweight gadget is perfect for on-the-go productivity.,812.79,61
Sony Smartphones Product 209,Sony,Smartphones,"Perfect for gaming, this product offers superior speed and precision.",1608.49,39
Lenovo Tablets Product 210,Lenovo,Tablets,"Stay connected with this device, featuring a long-lasting battery and advanced features.",1829.79,43
HP Smart Home Devices Product 211,HP,Smart Home Devices,"Stay connected with this device, featuring a long-lasting battery and advanced features.",297.99,30
Microsoft Keyboards Product 212,Microsoft,Keyboards,"Perfect for gaming, this product offers superior speed and precision.",1652.99,7
Apple Mice Product 213,Apple,Mice,This compact and lightweight gadget is perfect for on-the-go productivity.,1366.79,77
Google Webcams Product 214,Google,Webcams,"Perfect for gaming, this product offers superior speed and precision.",1424.99,89
Lenovo Keyboards Product 215,Lenovo,Keyboards,This compact and lightweight gadget is perfect for on-the-go productivity.,1274.79,53
Sony Smartphones Product 216,Sony,Smartphones,A powerful and sleek device designed for high performance and efficiency.,1501.79,30
Lenovo Laptops Product 217,Lenovo,Laptops,"Perfect for gaming, this product offers superior speed and precision.",447.79,50
Apple Laptops Product 218,Apple,Laptops,Designed for seamless multi-tasking and a fluid user experience.,1194.99,50
Google Webcams Product 219,Google,Webcams,"Ideal for professional use, this product combines durability with cutting-edge technology.",138.79,24
Lenovo Keyboards Product 220,Lenovo,Keyboards,This compact and lightweight gadget is perfect for on-the-go productivity.,1630.79,28
HP Mice Product 221,HP,Mice,Designed for seamless multi-tasking and a fluid user experience.,1251.79,89
Google Webcams Product 222,Google,Webcams,A powerful and sleek device designed for high performance and efficiency.,476.99,72
Samsung Laptops Product 223,Samsung,Laptops,Capture every detail with this high-resolution camera accessory.,133.79,37
Google Mice Product 224,Google,Mice,"Stay connected with this device, featuring a long-lasting battery and advanced features.",211.49,86
Samsung Mice Product 225,Samsung,Mice,Capture every detail with this high-resolution camera accessory.,849.49,91
Samsung Smartphones Product 226,Samsung,Smartphones,"Stay connected with this device, featuring a long-lasting battery and advanced features.",522.79,60
Google Webcams Product 227,Google,Webcams,Experience stunning visuals and fast processing with this top-of-the-line product.,736.99,44
Samsung Webcams Product 228,Samsung,Webcams,Experience stunning visuals and fast processing with this top-of-the-line product.,364.79,72
Samsung Headphones Product 229,Samsung,Headphones,"Perfect for gaming, this product offers superior speed and precision.",539.99,60
Samsung Webcams Product 230,Samsung,Webcams,Enhance your smart home with this easy-to-use and intuitive device.,1343.99,22
HP Tablets Product 231,HP,Tablets,Enhance your smart home with this easy-to-use and intuitive device.,521.99,80
Google Mice Product 232,Google,Mice,This compact and lightweight gadget is perfect for on-the-go productivity.,1117.49,95
Samsung Laptops Product 233,Samsung,Laptops,"Ideal for professional use, this product combines durability with cutting-edge technology.",1671.49,27
Dell Smart Home Devices Product 234,Dell,Smart Home Devices,Capture every detail with this high-resolution camera accessory.,1352.49,33
Dell Webcams Product 235,Dell,Webcams,Experience stunning visuals and fast processing with this top-of-the-line product.,428.49,84
Dell Smart Home Devices Product 236,Dell,Smart Home Devices,Experience stunning visuals and fast processing with this top-of-the-line product.,851.49,82
HP Headphones Product 237,HP,Headphones,"Perfect for gaming, this product offers superior speed and precision.",1875.99,38
Sony Smartphones Product 238,Sony,Smartphones,Capture every detail with this high-resolution camera accessory.,1244.79,3
Apple Smart Home Devices Product 239,Apple,Smart Home Devices,"Perfect for gaming, this product offers superior speed and precision.",558.79,35
Razer Keyboards Product 240,Razer,Keyboards,A powerful and sleek device designed for high performance and efficiency.,1728.79,3
Microsoft Webcams Product 241,Microsoft,Webcams,Enhance your smart home with this easy-to-use and intuitive device.,907.99,57
Lenovo Gaming Accessories Product 242,Lenovo,Gaming Accessories,"Perfect for gaming, this product offers superior speed and precision.",389.99,73
Apple Mice Product 243,Apple,Mice,This compact and lightweight gadget is perfect for on-the-go productivity.,98.79,88
Logitech Headphones Product 244,Logitech,Headphones,"Ideal for professional use, this product combines durability with cutting-edge technology.",1027.79,49
HP Tablets Product 245,HP,Tablets,Enhance your smart home with this easy-to-use and intuitive device.,1449.79,74
Apple Monitors Product 246,Apple,Monitors,Enhance your smart home with this easy-to-use and intuitive device.,1001.79,97
Sony Webcams Product 247,Sony,Webcams,A powerful and sleek device designed for high performance and efficiency.,1221.79,92
Logitech Keyboards Product 248,Logitech,Keyboards,Capture every detail with this high-resolution camera accessory.,1674.79,33
Microsoft Smart Home Devices Product 249,Microsoft,Smart Home Devices,"Stay connected with this device, featuring a long-lasting battery and advanced features.",268.79,58
Lenovo Laptops Product 250,Lenovo,Laptops,Enhance your smart home with this easy-to-use and intuitive device.,1485.99,89
Dell Monitors Product 251,Dell,Monitors,Enhance your smart home with this easy-to-use and intuitive device.,1903.99,22
Google Laptops Product 252,Google,Laptops,Enhance your smart home with this easy-to-use and intuitive device.,1457.99,8
Sony Smartphones Product 253,Sony,Smartphones,This compact and lightweight gadget is perfect for on-the-go productivity.,806.49,37
Google Smartphones Product 254,Google,Smartphones,Enhance your smart home with this easy-to-use and intuitive device.,90.49,74
Samsung Monitors Product 255,Samsung,Monitors,A powerful and sleek device designed for high performance and efficiency.,1241.79,64
Microsoft Gaming Accessories Product 256,Microsoft,Gaming Accessories,Immerse yourself in crystal-clear audio with these comfortable and stylish headphones.,1528.49,32
Dell Gaming Accessories Product 257,Dell,Gaming Accessories,Experience stunning visuals and fast processing with this top-of-the-line product.,768.99,62
Apple Smart Home Devices Product 258,Apple,Smart Home Devices,A powerful and sleek device designed for high performance and efficiency.,898.99,90
Sony Monitors Product 259,Sony,Monitors,"Stay connected with this device, featuring a long-lasting battery and advanced features.",596.99,43
Apple Gaming Accessories Product 260,Apple,Gaming Accessories,Designed for seamless multi-tasking and a fluid user experience.,680.49,6
Razer Tablets Product 261,Razer,Tablets,"Perfect for gaming, this product offers superior speed and precision.",1823.49,1
